referencia,estado_slug,relevancia,intensidad,notas
# ─── ANSIOSO (preocupacion, mente acelerada) ───
Filipenses 4:6-7,ansioso,10,3,clasico contra la ansiedad
Mateo 6:25-34,ansioso,10,3,no afan por el manana
1 Pedro 5:7,ansioso,10,3,echando toda vuestra solicitud en El
Isaias 26:3,ansioso,9,2,le guardaras en completa paz
Isaias 41:10,ansioso,9,2,no temas que yo soy contigo
Salmos 23:4,ansioso,8,2,aunque ande en valle de sombra
Salmos 46:1-3,ansioso,9,2,Dios es nuestro amparo
Salmos 91:1-2,ansioso,9,2,el que habita al abrigo del Altisimo
Juan 14:27,ansioso,10,2,la paz os dejo mi paz os doy
Romanos 8:38-39,ansioso,9,2,nada nos podra separar
2 Timoteo 1:7,ansioso,8,2,no nos ha dado espiritu de cobardia
# ─── TRISTE ───
Salmos 34:18,triste,10,3,cercano al quebrantado de corazon
Salmos 42:5-6,triste,9,3,por que te abates oh alma mia
Mateo 5:4,triste,10,3,bienaventurados los que lloran
Juan 14:1,triste,9,2,no se turbe vuestro corazon
2 Corintios 1:3-4,triste,9,2,el Dios de toda consolacion
Apocalipsis 21:4,triste,10,2,enjugara Dios toda lagrima
Salmos 147:3,triste,9,3,el sana a los quebrantados
Isaias 53:3-4,triste,8,2,varon de dolores
Romanos 8:18,triste,7,1,las afliciones del tiempo presente
Salmos 30:5,triste,9,2,por la manana vendra la alegria
Salmos 73:26,triste,7,2,Dios es la roca de mi corazon
Salmos 31:9-10,triste,8,3,consumida con la angustia
Salmos 119:50,triste,7,2,mi consuelo en mi afliccion
Salmos 9:9-10,triste,7,2,refugio en tiempos de angustia
Salmos 126:5-6,triste,8,2,los que sembraron con lagrimas
Lamentaciones 3:31-33,triste,8,2,no desecha para siempre
Salmos 6:6-7,triste,7,3,cansado estoy de gemir
# ─── SOLO ───
Hebreos 13:5,solo,10,3,no te desamparare ni te dejare
Josue 1:9,solo,9,2,Jehova tu Dios sera contigo
Mateo 28:20,solo,10,2,yo estoy con vosotros todos los dias
Salmos 139:7-10,solo,10,3,a donde me ire de tu espiritu
Isaias 49:15-16,solo,9,3,en las palmas te tengo esculpida
Juan 14:18,solo,9,2,no os dejare huerfanos
Deuteronomio 31:6,solo,8,2,no te dejara ni te desamparara
Salmos 27:10,solo,9,3,aunque mi padre y mi madre me dejaran
Romanos 8:38-39,solo,8,2,nada nos separa del amor
Isaias 43:1-2,solo,9,3,yo te llame por tu nombre
Salmos 25:16,solo,7,3,vuelvete a mi y ten misericordia
Salmos 68:5-6,solo,8,2,Padre de huerfanos
Mateo 18:20,solo,7,1,donde dos o tres estan congregados
Salmos 145:18,solo,8,2,cercano a los que le invocan
2 Timoteo 4:17,solo,7,2,el Senor estuvo a mi lado
Hebreos 4:16,solo,7,1,acerquemonos al trono de la gracia
Salmos 9:10,solo,7,2,no desamparaste a los que te buscan
Juan 16:32,solo,7,2,el Padre esta conmigo
# ─── CON MIEDO ───
2 Timoteo 1:7,con_miedo,10,3,no nos dio espiritu de cobardia
Isaias 41:10,con_miedo,10,3,no temas porque yo soy contigo
Salmos 27:1,con_miedo,10,2,Jehova es mi luz y mi salvacion
Salmos 56:3-4,con_miedo,9,3,en el dia que temo
1 Juan 4:18,con_miedo,9,2,el perfecto amor echa fuera el temor
Josue 1:9,con_miedo,9,2,esfuerzate y se valiente
Proverbios 29:25,con_miedo,8,2,el temor del hombre pondra lazo
Lucas 12:32,con_miedo,8,2,no temais manada pequena
Salmos 118:6,con_miedo,8,2,Jehova esta por mi
Romanos 8:15,con_miedo,8,2,no recibisteis espiritu de servidumbre
Salmos 34:4,con_miedo,8,2,me libro de todos mis temores
Salmos 91:1-6,con_miedo,10,3,refugio bajo sus alas
Isaias 43:1,con_miedo,9,3,no temas porque yo te redimi
Mateo 10:28-31,con_miedo,8,2,no temais a los que matan el cuerpo
Deuteronomio 31:6,con_miedo,8,2,esforzaos y cobrad animo
Juan 14:27,con_miedo,9,2,no se turbe vuestro corazon
Hebreos 13:6,con_miedo,8,2,el Senor es mi ayudador
# ─── ENOJADO ───
Efesios 4:26-27,enojado,10,3,airaos pero no pequeis
Proverbios 15:1,enojado,9,2,la blanda respuesta quita la ira
Santiago 1:19-20,enojado,10,3,tardo para airarse
Salmos 37:8,enojado,9,2,deja la ira y desecha el enojo
Proverbios 16:32,enojado,9,2,mejor es el lento para la ira
Mateo 5:22-24,enojado,8,2,reconciliate primero con tu hermano
Romanos 12:19-21,enojado,9,3,vence con el bien el mal
Eclesiastes 7:9,enojado,8,2,no te apresures en tu espiritu a enojarte
Colosenses 3:8,enojado,8,2,dejad la ira la dureza
Proverbios 14:29,enojado,8,2,el que tarda en airarse es grande
Proverbios 19:11,enojado,8,2,la cordura del hombre detiene su furor
Salmos 4:4-5,enojado,7,2,temblad y no pequeis
Efesios 4:31-32,enojado,9,2,quitese de vosotros toda amargura
Proverbios 25:28,enojado,7,2,ciudad sin muro
Proverbios 22:24-25,enojado,7,1,no te entrometas con airado
1 Pedro 3:9,enojado,7,2,no devolviendo mal por mal
Mateo 5:43-44,enojado,9,3,amad a vuestros enemigos
# ─── CULPABLE ───
1 Juan 1:9,culpable,10,3,si confesamos nuestros pecados
Salmos 103:12,culpable,10,3,cuanto esta lejos el oriente del occidente
Romanos 8:1,culpable,10,3,ninguna condenacion hay
Isaias 43:25,culpable,9,3,yo soy el que borra tus rebeliones
Salmos 32:1-2,culpable,9,2,bienaventurado aquel cuya transgresion ha sido perdonada
Hebreos 10:22,culpable,8,2,acerquemonos con corazon sincero
Miqueas 7:19,culpable,9,2,echara nuestros pecados en lo profundo del mar
Hechos 3:19,culpable,8,2,convertios para que sean borrados
2 Corintios 5:17,culpable,9,2,nueva criatura
Jeremias 31:34,culpable,8,2,me sera propicio y no me acordare mas
Salmos 51:1-12,culpable,10,3,salmo penitencial de David
Romanos 5:1,culpable,8,2,justificados pues por la fe
Efesios 1:7,culpable,8,2,redencion por su sangre
Colosenses 1:13-14,culpable,8,2,trasladados al reino de su Hijo
Isaias 1:18,culpable,9,2,aunque sean rojos como la grana
# ─── CANSADO ───
Mateo 11:28-30,cansado,10,3,venid a mi todos los que estais trabajados
Isaias 40:29-31,cansado,10,3,los que esperan a Jehova
Salmos 62:1-2,cansado,9,2,en Dios solamente esta acallada mi alma
Galatas 6:9,cansado,8,2,no nos cansemos pues de hacer bien
Isaias 40:28,cansado,8,2,no se cansa ni se fatiga
Filipenses 4:13,cansado,8,2,todo lo puedo en Cristo
2 Corintios 12:9-10,cansado,9,3,mi poder se perfecciona en la debilidad
Salmos 23:1-3,cansado,10,2,Jehova es mi pastor
Apocalipsis 2:3,cansado,7,1,has tenido paciencia
Salmos 46:10,cansado,8,2,estad quietos y conoced
Salmos 116:7,cansado,8,2,vuelve oh alma mia a tu reposo
Salmos 121:1-4,cansado,9,2,alzare mis ojos a los montes
Marcos 6:31,cansado,7,2,venid vosotros aparte
Salmos 55:22,cansado,8,2,echa sobre Jehova tu carga
2 Corintios 4:16-17,cansado,8,2,no desmayamos
Salmos 73:26,cansado,7,2,mi carne y mi corazon desfallecen
# ─── DESESPERANZADO ───
Jeremias 29:11,desesperanzado,10,3,pensamientos de paz y no de mal
Romanos 15:13,desesperanzado,10,3,el Dios de esperanza
Salmos 42:11,desesperanzado,9,3,espera en Dios porque aun he de alabarle
Lamentaciones 3:22-23,desesperanzado,10,3,por la misericordia de Jehova no somos consumidos
Romanos 5:3-5,desesperanzado,9,2,la esperanza no avergüenza
Habacuc 3:17-18,desesperanzado,9,3,aunque la higuera no florezca
Salmos 31:24,desesperanzado,8,2,esforzaos todos vosotros los que esperais
Hebreos 6:19,desesperanzado,8,2,como ancla del alma
Proverbios 13:12,desesperanzado,7,2,la esperanza que se demora
Romanos 8:24-25,desesperanzado,8,2,en esperanza fuimos salvos
Isaias 40:31,desesperanzado,9,3,levantaran alas como las aguilas
Salmos 27:13-14,desesperanzado,8,2,hubiera yo desmayado si no creyese
Lamentaciones 3:24-26,desesperanzado,9,3,bueno es esperar en silencio
1 Pedro 1:3-4,desesperanzado,8,2,una esperanza viva
Salmos 130:5-7,desesperanzado,8,2,espere mi alma en Jehova
Salmos 39:7,desesperanzado,7,2,mi esperanza esta en ti
# ─── BUSCANDO DIRECCION ───
Proverbios 3:5-6,buscando_direccion,10,3,fiate de Jehova de todo tu corazon
Santiago 1:5,buscando_direccion,10,3,si alguno de vosotros tiene falta de sabiduria
Salmos 32:8,buscando_direccion,9,2,te hare entender y te ensenare el camino
Isaias 30:21,buscando_direccion,9,2,este es el camino andad por el
Salmos 119:105,buscando_direccion,10,2,lampara es a mis pies tu palabra
Proverbios 16:9,buscando_direccion,8,2,el corazon del hombre piensa su camino
Juan 16:13,buscando_direccion,9,2,os guiara a toda la verdad
Salmos 25:4-5,buscando_direccion,9,2,muestrame oh Jehova tus caminos
Romanos 12:2,buscando_direccion,8,2,la voluntad de Dios agradable y perfecta
Salmos 37:5,buscando_direccion,8,2,encomienda a Jehova tu camino
Salmos 143:8-10,buscando_direccion,8,2,ensename el camino por donde ande
Jeremias 33:3,buscando_direccion,8,2,clama a mi y yo te respondere
Salmos 16:11,buscando_direccion,8,2,me mostraras la senda de la vida
Salmos 73:24,buscando_direccion,7,2,me has guiado segun tu consejo
Salmos 23:1-3,buscando_direccion,9,2,me guiara por sendas de justicia
Isaias 58:11,buscando_direccion,8,2,Jehova te pastoreara siempre
Proverbios 4:11-12,buscando_direccion,7,2,por el camino de la sabiduria te he encaminado
Proverbios 16:3,buscando_direccion,7,2,encomienda a Jehova tus obras
# ─── NECESITANDO FE ───
Marcos 9:24,necesitando_fe,10,3,creo ayuda mi incredulidad
Hebreos 11:1,necesitando_fe,10,2,la fe es la sustancia de las cosas
Mateo 17:20,necesitando_fe,10,3,si tuviereis fe como un grano de mostaza
Romanos 10:17,necesitando_fe,9,2,la fe es por el oir
Lucas 17:5-6,necesitando_fe,9,2,aumentanos la fe
2 Corintios 5:7,necesitando_fe,8,2,por fe andamos no por vista
Habacuc 2:4,necesitando_fe,8,2,mas el justo por su fe vivira
Galatas 2:20,necesitando_fe,9,2,vivo en la fe del Hijo de Dios
Efesios 2:8-9,necesitando_fe,9,2,por gracia sois salvos por medio de la fe
Hebreos 11:6,necesitando_fe,9,2,sin fe es imposible agradar a Dios
Marcos 11:22-24,necesitando_fe,9,2,tened fe en Dios
Mateo 14:29-31,necesitando_fe,8,2,Pedro caminando sobre el agua
Romanos 4:20-21,necesitando_fe,8,2,Abraham se fortalecio en fe
Hebreos 12:1-2,necesitando_fe,8,2,puestos los ojos en Jesus
Santiago 2:17,necesitando_fe,7,2,la fe sin obras esta muerta
1 Pedro 1:7,necesitando_fe,7,2,prueba de vuestra fe
Romanos 1:17,necesitando_fe,7,2,el justo por la fe vivira
# ─── EN PRUEBA ───
Santiago 1:2-4,en_prueba,10,3,tened por sumo gozo cuando os hallareis
1 Corintios 10:13,en_prueba,10,3,no os ha sobrevenido tentacion
Romanos 8:28,en_prueba,10,3,a los que aman a Dios todas las cosas
2 Corintios 12:9-10,en_prueba,9,3,bastate mi gracia
1 Pedro 1:6-7,en_prueba,9,2,probada vuestra fe
Job 23:10,en_prueba,9,3,me probara y saldre como oro
Juan 16:33,en_prueba,10,3,confiad yo he vencido al mundo
Romanos 5:3-4,en_prueba,9,2,la tribulacion produce paciencia
Hebreos 12:7,en_prueba,8,2,Dios os trata como a hijos
1 Pedro 4:12-13,en_prueba,8,2,no os sorprendais
Salmos 34:19,en_prueba,9,2,muchas son las afliciones del justo
Isaias 43:2,en_prueba,9,3,cuando pases por las aguas
Salmos 66:10-12,en_prueba,8,2,nos probaste oh Dios
Hebreos 12:11,en_prueba,8,2,disciplina parece causa de tristeza
Salmos 119:67,en_prueba,7,2,antes que fuera yo humillado descarriaba
Daniel 3:17-18,en_prueba,8,3,nuestro Dios puede librarnos
Salmos 30:5,en_prueba,8,2,por la manana vendra la alegria
# ─── FELIZ AGRADECIDO ───
Salmos 100:1-5,feliz_agradecido,10,3,cantad alegres a Jehova
Salmos 103:1-5,feliz_agradecido,10,3,bendice alma mia a Jehova
Salmos 107:1,feliz_agradecido,9,2,alabad a Jehova porque es bueno
1 Tesalonicenses 5:16-18,feliz_agradecido,10,3,estad siempre gozosos
Filipenses 4:4,feliz_agradecido,9,2,regocijaos en el Senor siempre
Efesios 5:20,feliz_agradecido,8,2,dando siempre gracias por todo
Santiago 1:17,feliz_agradecido,8,2,toda buena dadiva
Lucas 1:46-47,feliz_agradecido,8,2,engrandece mi alma al Senor
Salmos 34:1-3,feliz_agradecido,9,2,bendecire a Jehova en todo tiempo
Salmos 118:24,feliz_agradecido,9,2,este es el dia que hizo Jehova
Colosenses 3:16-17,feliz_agradecido,8,2,con accion de gracias
Salmos 95:1-2,feliz_agradecido,8,2,venid aclamemos alegremente
# ─── GENERAL ───
Lamentaciones 3:22-23,general,9,2,nuevas son cada manana
Salmos 119:105,general,10,2,lampara es a mis pies
Proverbios 3:5-6,general,10,3,fiate de Jehova
Josue 1:8,general,8,2,nunca se aparte de tu boca
Juan 3:16,general,10,3,porque de tal manera amo Dios
Jeremias 29:11,general,10,3,yo se los pensamientos
Filipenses 4:13,general,9,2,todo lo puedo
Mateo 6:33,general,10,3,buscad primeramente el reino
Romanos 8:28,general,10,3,todas las cosas ayudan a bien
Salmos 23:1-6,general,10,3,el salmo del pastor
2 Timoteo 3:16-17,general,8,2,toda la Escritura inspirada
Hebreos 4:12,general,8,2,la palabra es viva y eficaz
Salmos 91:1-4,general,9,2,el que habita al abrigo
Isaias 55:8-11,general,8,2,mi palabra no volvera vacia
Mateo 4:4,general,8,2,no solo de pan vivira el hombre
